{"vox2ras": [[-1.0, 1.2369127944111824e-10, 7.450580596923828e-09, 131.3028106689453], [0.0, 0.0, 0.9999999403953552, -95.23088073730469], [-3.346940502524376e-10, -1.0, 1.1641532182693481e-10, 138.32003784179688], [0.0, 0.0, 0.0, 1.0]], "vox2ras_inv": [[-1.0, 7.450581485102248e-09, -1.2369127944111824e-10, 131.3028106689453], [3.346940502524376e-10, 1.1641532182693481e-10, -1.0, 138.32003784179688], [0.0, 1.0000001192092896, 0.0, 95.23088836669922], [0.0, 0.0, 0.0, 1.0]], "vox2ras_tkr": [[-1.0, 0.0, 0.0, 128.0], [0.0, 0.0, 1.0, -128.0], [0.0, -1.0, 0.0, 128.0], [0.0, 0.0, 0.0, 1.0]], "vox2ras_tkr_inv": [[-1.0, -0.0, -0.0, 128.0], [-0.0, -0.0, -1.0, 128.0], [0.0, 1.0, 0.0, 128.0], [0.0, 0.0, 0.0, 1.0]]}